{
  "EDITOR_STATE": {
    "allProjectFiles": {
      "9048ce3c-7d80-4051-bbb8-95b018fe5ae2": {
        "id": "9048ce3c-7d80-4051-bbb8-95b018fe5ae2",
        "parent": null,
        "name": "NewAlexaskill.py",
        "type": "PYTHON_LAMBDA",
        "isDirectory": false,
        "children": [],
        "isRemovable": true,
        "filePath": "NewAlexaskill.py",
        "cursor": {
          "lineNumber": 58,
          "column": 1
        },
        "config": {
          "runtime": "python3.8",
          "handler": "handler",
          "timeout": 60,
          "memory": 128,
          "layers": [],
          "name": "NewAlexaskill"
        },
        "triggers": [
          {
            "resourceName": "alexaSKe13d1be52e2143f496577ecc1ebf8fdf",
            "config": {}
          }
        ],
        "testCases": {
          "f6c45125-6396-4a87-9601-8f1d1d1e0c4c": {
            "id": "f6c45125-6396-4a87-9601-8f1d1d1e0c4c",
            "name": "Test event",
            "functionId": "9048ce3c-7d80-4051-bbb8-95b018fe5ae2",
            "event": "{\"key1\": \"value1\", \"key2\": \"value2\", \"key3\": \"value3\"}",
            "eventTemplate": "hello-world"
          }
        }
      }
    },
    "openFiles": [
      "9048ce3c-7d80-4051-bbb8-95b018fe5ae2"
    ],
    "currentFileId": "9048ce3c-7d80-4051-bbb8-95b018fe5ae2",
    "resources": {
      "alexaSKe13d1be52e2143f496577ecc1ebf8fdf": {
        "name": "alexaSKe13d1be52e2143f496577ecc1ebf8fdf",
        "type": "ALEXA",
        "config": {
          "type": 1,
          "verifiedID": true,
          "skillID": "amzn1.ask.skill.e13d1be5-2e21-43f4-9657-7ecc1ebf8fdf",
          "applicationID": ""
        }
      }
    },
    "customTemplate": {
      "syntax": "JSON",
      "overrideDefault": false,
      "dialect": "CloudFormation",
      "definitions": null
    },
    "envVariables": [
      {
        "lambdaId": "all",
        "varKey": "SIGMA_AWS_ACC_ID",
        "varValue": null,
        "shouldPersist": false,
        "displayOnly": false,
        "editable": false
      }
    ],
    "packageJSON": {
      "dependencies": {
        "ask_sdk_core": {
          "name": "ask_sdk_core",
          "language": "python",
          "version": "1.13.0",
          "dev": false,
          "notRemovable": false
        }
      }
    }
  },
  "PROJECT_META": {
    "sigmaVersion": "1.4.1.5",
    "projectName": "NewAlexaskill",
    "projectDescription": "",
    "projectVersion": "1.0.0",
    "projectRegion": "us-east-1",
    "platform": "AWS",
    "language": "python",
    "platformRegions": {}
  }
}